{
    "Digital": {
      "Digital Experience and App Development": [
        {
          "name": "UX Design",
          "children": ["Wireframing", "Prototyping"]
        },
        {
          "name": "Full Stack Enterprise App Development",
          "children": ["Backend Development", "Frontend Development"]
        },
        {
          "name": "Mobile Development",
          "children": ["iOS Development", "Android Development"]
        },
        {
          "name": "Cloud Services",
          "children": ["AWS", "Azure"]
        }
      ],
      "Intelligence Business Automation": [
        {
          "name": "Business Process Workflow",
          "children": ["Workflow Automation", "Process Mapping"]
        },
        {
          "name": "Business Rules",
          "children": ["Rule Definition", "Rule Execution"]
        },
        {
          "name": "Robotic Process Automation",
          "children": ["Bot Development", "Bot Monitoring"]
        },
        {
          "name": "Generative AI",
          "children": ["Text Generation", "Image Generation"]
        }
      ]
    },
    "projects": [
      {
        "projectDetail": "Painscript",
        "noOfResources": 5,
        "technology": ["Java", "Python", "Angular"],
        "resources": ["Alice", "Bob", "Charlie", "David", "Eve","Alice", "Bob", "Charlie", "David", "Eve","Alice", "Bob", "Charlie", "David", "Eve","Alice", "Bob", "Charlie", "David", "Eve","Alice", "Bob", "Charlie", "David", "Eve"]
      },
      {
        "projectDetail": "Montuno",
        "noOfResources": 3,
        "technology": ["Design", "JavaScript"],
        "resources": ["Frank", "Grace", "Heidi","Alice", "Bob", "Charlie", "David", "Eve"]
      },
      {
        "projectDetail": "ITMS",
        "noOfResources": 4,
        "technology": ["Testing", "Python", "Ruby"],
        "resources": ["Ivan", "Judy", "Mallory", "Niaj"]
      }
    ],
    "benchResources": [
      {
        "name": "Alice",
        "technologies": ["JavaScript", "React", "Node.js"],
        "upcomingPlans": ["Learn TypeScript", "Contribute to open source"],
        "statusRecords": [
          { "date": "30-09-2023", "summary": "Worked on React component,Worked on React component,Worked on React componentWorked on React componentWorked on React componentWorked on React componentWorked on React componentWorked on React componentWorked on React componentWorked on React componentWorked on React componentWorked on React componentWorked on React componentWorked on React componentWorked on React componentWorked on React componentWorked on React componentWorked on React componentWorked on React componentWorked on React componentWorked on React componentWorked on React componentWorked on React componentWorked on React componentmite" },
          { "date": "29-09-2023", "summary": "Fixed bugs in Node.js application" },
          { "date": "28-09-2023", "summary": "Completed TypeScript training" },
          { "date": "27-09-2023", "summary": "Reviewed JavaScript ES6 features" },
          { "date": "26-09-2023", "summary": "Participated in a coding challenge" },
          { "date": "25-09-2023", "summary": "Attended a React webinar" },
          { "date": "24-09-2023", "summary": "Worked on UI improvements" },
          { "date": "23-09-2023", "summary": "Learned about state management in React" },
          { "date": "22-09-2023", "summary": "Implemented unit tests for components" },
          { "date": "21-09-2023", "summary": "Started a new personal project" },
          { "date": "20-09-2023", "summary": "Refactored existing codebase" },
          { "date": "19-09-2023", "summary": "Fixed performance issues" },
          { "date": "18-09-2023", "summary": "Explored new JavaScript features" },
          { "date": "17-09-2023", "summary": "Participated in a hackathon" },
          { "date": "16-09-2023", "summary": "Reviewed React best practices" },
          { "date": "15-09-2023", "summary": "Completed a course on Node.js" },
          { "date": "14-09-2023", "summary": "Implemented responsive design" },
          { "date": "13-09-2023", "summary": "Learned about RESTful APIs" },
          { "date": "12-09-2023", "summary": "Worked on debugging" },
          { "date": "11-09-2023", "summary": "Studied JavaScript frameworks" },
          { "date": "10-09-2023", "summary": "Attended a local tech meetup" },
          { "date": "09-09-2023", "summary": "Refreshed knowledge on Git" },
          { "date": "08-09-2023", "summary": "Explored TypeScript features" },
          { "date": "07-09-2023", "summary": "Worked on code optimization" },
          { "date": "06-09-2023", "summary": "Started learning about GraphQL" },
          { "date": "05-09-2023", "summary": "Reviewed asynchronous programming" },
          { "date": "04-09-2023", "summary": "Completed a mini-project" },
          { "date": "03-09-2023", "summary": "Participated in team meetings" },
          { "date": "02-09-2023", "summary": "Worked on improving code documentation" },
          { "date": "01-09-2023", "summary": "Reviewed project goals and objectives" }
        ]
      },
      {
        "name": "Bob",
        "technologies": ["Python", "Django", "Machine Learning"],
        "upcomingPlans": ["Build a machine learning model", "Attend a data science workshop"],
        "status": "Active",
        "statusRecords": [
          { "date": "30-09-2023", "summary": "Developed a Django app" },
          { "date": "29-09-2023", "summary": "Participated in a data science workshop" },
          { "date": "28-09-2023", "summary": "Analyzed data for machine learning model" },
          { "date": "27-09-2023", "summary": "Explored Python libraries" },
          { "date": "26-09-2023", "summary": "Refined data processing scripts" },
          { "date": "25-09-2023", "summary": "Attended a machine learning webinar" },
          { "date": "24-09-2023", "summary": "Worked on model training" },
          { "date": "23-09-2023", "summary": "Participated in Kaggle competition" },
          { "date": "22-09-2023", "summary": "Reviewed project documentation" },
          { "date": "21-09-2023", "summary": "Completed a course on Django" },
          { "date": "20-09-2023", "summary": "Learned about Django REST framework" },
          { "date": "19-09-2023", "summary": "Refactored existing code" },
          { "date": "18-09-2023", "summary": "Worked on data visualization" },
          { "date": "17-09-2023", "summary": "Explored data cleaning techniques" },
          { "date": "16-09-2023", "summary": "Developed predictive model" },
          { "date": "15-09-2023", "summary": "Participated in a Python meetup" },
          { "date": "14-09-2023", "summary": "Collaborated on project planning" },
          { "date": "13-09-2023", "summary": "Tested model performance" },
          { "date": "12-09-2023", "summary": "Learned about machine learning algorithms" },
          { "date": "11-09-2023", "summary": "Worked on feature engineering" },
          { "date": "10-09-2023", "summary": "Participated in a team workshop" },
          { "date": "09-09-2023", "summary": "Reviewed best practices for coding" },
          { "date": "08-09-2023", "summary": "Improved understanding of statistics" },
          { "date": "07-09-2023", "summary": "Conducted code reviews" },
          { "date": "06-09-2023", "summary": "Worked on cloud deployment" },
          { "date": "05-09-2023", "summary": "Studied data ethics" },
          { "date": "04-09-2023", "summary": "Completed a machine learning course" },
          { "date": "03-09-2023", "summary": "Participated in project retrospectives" },
          { "date": "02-09-2023", "summary": "Reviewed code from teammates" },
          { "date": "01-09-2023", "summary": "Defined project goals and scope" }
        ]
      },
      {
        "name": "Charlie",
        "technologies": ["Java", "Spring", "Hibernate"],
        "upcomingPlans": ["Learn Microservices", "Get certified in Spring"],
        "status": "Inactive",
        "statusRecords": [
          { "date": "30-09-2023", "summary": "Started learning Microservices" },
          { "date": "29-09-2023", "summary": "Reviewed Spring documentation" },
          { "date": "28-09-2023", "summary": "Practiced Java basics" },
          { "date": "27-09-2023", "summary": "Built a small Spring project" },
          { "date": "26-09-2023", "summary": "Joined an online course on Spring" },
          { "date": "25-09-2023", "summary": "Participated in coding exercises" },
          { "date": "24-09-2023", "summary": "Explored Java frameworks" },
          { "date": "23-09-2023", "summary": "Reviewed design patterns in Java" },
          { "date": "22-09-2023", "summary": "Worked on personal Java project" },
          { "date": "21-09-2023", "summary": "Studied Hibernate fundamentals" },
          { "date": "20-09-2023", "summary": "Practiced unit testing in Java" },
          { "date": "19-09-2023", "summary": "Participated in Java community forums" },
          { "date": "18-09-2023", "summary": "Improved Java coding skills" },
          { "date": "17-09-2023", "summary": "Completed Spring tutorial" },
          { "date": "16-09-2023", "summary": "Reviewed best practices for Java" },
          { "date": "15-09-2023", "summary": "Conducted research on Microservices" },
          { "date": "14-09-2023", "summary": "Joined a study group for Java" },
          { "date": "13-09-2023", "summary": "Worked on a Java application" },
          { "date": "12-09-2023", "summary": "Learned about dependency injection" },
          { "date": "11-09-2023", "summary": "Studied Spring Boot basics" },
          { "date": "10-09-2023", "summary": "Worked on troubleshooting" },
          { "date": "09-09-2023", "summary": "Participated in code reviews" },
          { "date": "08-09-2023", "summary": "Completed a Java workshop" },
          { "date": "07-09-2023", "summary": "Reviewed course materials" },
          { "date": "06-09-2023", "summary": "Refreshed knowledge of SQL" },
          { "date": "05-09-2023", "summary": "Developed a small application" },
          { "date": "04-09-2023", "summary": "Participated in a hackathon" },
          { "date": "03-09-2023", "summary": "Worked on improving coding standards" },
          { "date": "02-09-2023", "summary": "Reviewed Java EE concepts" },
          { "date": "01-09-2023", "summary": "Set up a learning schedule" }
        ]
      },
      {
        "name": "David",
        "technologies": ["C#", ".NET", "Azure"],
        "upcomingPlans": ["Work on cloud-based applications", "Take Azure certification"],
        "statusRecords": [
          { "date": "30-09-2023", "summary": "Implemented cloud solutions" },
          { "date": "29-09-2023", "summary": "Completed Azure certification course" },
          { "date": "28-09-2023", "summary": "Developed .NET application" },
          { "date": "27-09-2023", "summary": "Worked on Azure functions" },
          { "date": "26-09-2023", "summary": "Reviewed C# best practices" },
          { "date": "25-09-2023", "summary": "Attended a .NET workshop" },
          { "date": "24-09-2023", "summary": "Refactored code for cloud readiness" },
          { "date": "23-09-2023", "summary": "Improved database integration" },
          { "date": "22-09-2023", "summary": "Explored Azure services" },
          { "date": "21-09-2023", "summary": "Participated in a coding meetup" },
          { "date": "20-09-2023", "summary": "Worked on debugging applications" },
          { "date": "19-09-2023", "summary": "Studied cloud architecture" },
          { "date": "18-09-2023", "summary": "Tested application performance" },
          { "date": "17-09-2023", "summary": "Worked on application deployment" },
          { "date": "16-09-2023", "summary": "Learned about containerization" },
          { "date": "15-09-2023", "summary": "Participated in a hackathon" },
          { "date": "14-09-2023", "summary": "Collaborated on team projects" },
          { "date": "13-09-2023", "summary": "Reviewed project objectives" },
          { "date": "12-09-2023", "summary": "Explored new .NET features" },
          { "date": "11-09-2023", "summary": "Worked on performance tuning" },
          { "date": "10-09-2023", "summary": "Studied microservices architecture" },
          { "date": "09-09-2023", "summary": "Reviewed best practices for Azure" },
          { "date": "08-09-2023", "summary": "Participated in team discussions" },
          { "date": "07-09-2023", "summary": "Completed a course on C#" },
          { "date": "06-09-2023", "summary": "Worked on a small project" },
          { "date": "05-09-2023", "summary": "Reviewed technical documentation" },
          { "date": "04-09-2023", "summary": "Learned about serverless architecture" },
          { "date": "03-09-2023", "summary": "Participated in a code review" },
          { "date": "02-09-2023", "summary": "Worked on team objectives" },
          { "date": "01-09-2023", "summary": "Set goals for the month" }
        ]
      },
      {
        "name": "Eve",
        "technologies": ["PHP", "Laravel", "MySQL"],
        "upcomingPlans": ["Explore RESTful APIs", "Develop a personal project"],
        "status": "Inactive",
        "statusRecords": [
          { "date": "30-09-2023", "summary": "Started personal project with Laravel" },
          { "date": "29-09-2023", "summary": "Learned about RESTful API design" },
          { "date": "28-09-2023", "summary": "Completed PHP basics course" },
          { "date": "27-09-2023", "summary": "Practiced Laravel features" },
          { "date": "26-09-2023", "summary": "Reviewed MySQL queries" },
          { "date": "25-09-2023", "summary": "Participated in coding exercises" },
          { "date": "24-09-2023", "summary": "Explored PHP libraries" },
          { "date": "23-09-2023", "summary": "Worked on building a small application" },
          { "date": "22-09-2023", "summary": "Joined a PHP community forum" },
          { "date": "21-09-2023", "summary": "Learned about database design" },
          { "date": "20-09-2023", "summary": "Participated in team discussions" },
          { "date": "19-09-2023", "summary": "Conducted research on web development" },
          { "date": "18-09-2023", "summary": "Reviewed best practices for Laravel" },
          { "date": "17-09-2023", "summary": "Worked on project documentation" },
          { "date": "16-09-2023", "summary": "Developed RESTful services" },
          { "date": "15-09-2023", "summary": "Attended a Laravel workshop" },
          { "date": "14-09-2023", "summary": "Improved debugging skills" },
          { "date": "13-09-2023", "summary": "Worked on enhancing UI" },
          { "date": "12-09-2023", "summary": "Learned about MVC architecture" },
          { "date": "11-09-2023", "summary": "Participated in code reviews" },
          { "date": "10-09-2023", "summary": "Refreshed knowledge on SQL" },
          { "date": "09-09-2023", "summary": "Worked on improving project structure" },
          { "date": "08-09-2023", "summary": "Collaborated on open source project" },
          { "date": "07-09-2023", "summary": "Reviewed PHP best practices" },
          { "date": "06-09-2023", "summary": "Developed a small application" },
          { "date": "05-09-2023", "summary": "Studied web security principles" },
          { "date": "04-09-2023", "summary": "Worked on performance testing" },
          { "date": "03-09-2023", "summary": "Reviewed Laravel documentation" },
          { "date": "02-09-2023", "summary": "Participated in PHP community events" },
          { "date": "01-09-2023", "summary": "Set personal goals for development" }
        ]
      }
    ]
   
  
  }
  
  